English Word,Transcription,Russian Translation,Difficulty,Category,Example Sentence
apple,ˈæpəl,яблоко,1,Food,I eat an apple every morning.
book,bʊk,книга,1,Objects,I am reading a new book.
cat,kæt,кот,1,Animals,The cat is sleeping on the couch.
dog,dɔːɡ,собака,1,Animals,My dog loves to play fetch.
hello,həˈloʊ,привет,1,Common Phrases,She said hello to everyone.
red,rɛd,красный,1,Colors,She wore a red dress.
blue,bluː,синий/голубой,1,Colors,The sky is blue today.
house,haʊs,дом/жилище,2,Objects,They live in a big house.
water,ˈwɔːtər,вода,2,Food,I need some water to drink.
friend,frɛnd,друг/подруга,1,Common Phrases,My friend and I went to the park.
car,kɑːr,машина/автомобиль,1,Objects,I bought a new car.
table,ˈteɪbəl,стол,2,Furniture,Put the book on the table.
chair,ʧɛr,стул,2,Furniture,Please sit on the chair.
tree,triː,дерево,1,Nature,The tree is very tall.
sky,skaɪ,небо,1,Nature,The sky is clear today.
sun,sʌn,солнце,1,Nature,The sun is shining brightly.
moon,muːn,луна,1,Nature,The moon is full tonight.
star,stɑːr,звезда,1,Nature,I saw a star in the sky.
phone,foʊn,телефон,1,Objects,I forgot my phone at home.
computer,kəmˈpjuːtər,компьютер,3,Objects,My computer is very fast.
school,skuːl,школа,1,Places,School starts at 8 o'clock.
teacher,ˈtiːʧər,учитель/преподаватель,2,People,The teacher explained the lesson.
student,ˈstjuːdənt,студент/ученик,2,People,The student is studying hard.
pen,pɛn,ручка,1,Objects,I wrote my name with a pen.
pencil,ˈpɛnsl,карандаш,1,Objects,She drew a picture with a pencil.
notebook,ˈnoʊtbʊk,тетрадь/блокнот,2,Objects,I wrote in my notebook.
door,dɔːr,дверь,1,Furniture,He opened the door for me.
window,ˈwɪndoʊ,окно,2,Furniture,She looked out the window.
floor,flɔːr,пол,2,Furniture,The floor is clean.
ceiling,ˈsiːlɪŋ,потолок,2,Furniture,The ceiling is very high.
wall,wɔːl,стена,1,Furniture,The wall is painted blue.
bookstore,ˈbʊkˌstɔr,книжный магазин,2,Places,I bought a book from the bookstore.
library,ˈlaɪˌbrɛri,библиотека,2,Places,The library is open until 8 PM.
newspaper,ˈnjuːzˌpeɪpər,газета,2,Objects,She reads the newspaper every morning.
magazine,ˈmægəˌziːn,журнал,2,Objects,He bought a fashion magazine at the store.
bottle,ˈbɒtl,бутылка,1,Objects,She filled the bottle with water.
glass,ɡlæs,стакан/стекло,1,Objects,I need a glass of water.
fork,fɔːrk,вилка,1,Objects,He used a fork to eat his salad.
knife,naɪf,нож,2,Objects,Be careful with that sharp knife.
spoon,spuːn,ложка,1,Objects,I stirred the coffee with a spoon.
plate,pleɪt,тарелка,1,Objects,The plate was full of food.
cup,kʌp,чашка,1,Objects,She drank tea from a cup.
bowl,boʊl,миска,1,Objects,He poured cereal into the bowl.
pan,pæn,сковорода,2,Objects,She fried the eggs in a pan.
oven,ˈʌvən,духовка/печь,3,Objects,The cake is baking in the oven.
fridge,frɪdʒ,холодильник,3,Objects,The milk is in the fridge.
television,ˈtɛləˌvɪʒən,телевизор,3,Objects,He watched a movie on television.
radio,ˈreɪdioʊ,радио,2,Objects,She listens to music on the radio.
clock,klɒk,часы,2,Objects,The clock on the wall showed 3 PM.
watch,wɒtʃ,наручные часы,2,Objects,He checked the time on his watch.
lamp,læmp,лампа,1,Objects,The lamp on the desk is very bright.
light,laɪt,свет/освещение,1,Objects,She turned off the light before bed.
sofa,ˈsoʊfə,диван/софа,2,Furniture,They sat on the sofa watching TV.
bed,bɛd,кровать,1,Furniture,She made her bed in the morning.
pillow,ˈpɪloʊ,подушка,1,Furniture,He rested his head on the pillow.
blanket,ˈblæŋkɪt,одеяло,2,Furniture,She covered herself with a warm blanket.
sheet,ʃiːt,простыня,1,Furniture,He changed the bed sheets yesterday.
shower,ˈʃaʊər,душ,2,Furniture,She takes a shower every morning.
bath,bæθ,ванна,1,Furniture,He prefers a bath over a shower.
towel,ˈtaʊəl,полотенце,1,Furniture,She dried her hands with a towel.
mirror,ˈmɪrər,зеркало,2,Furniture,She looked at herself in the mirror.
toothbrush,ˈtuːθˌbrʌʃ,зубная щетка,2,Objects,He forgot to pack his toothbrush.
toothpaste,ˈtuːθˌpeɪst,зубная паста,2,Objects,The toothpaste is almost empty.
soap,soʊp,мыло,1,Objects,She washed her hands with soap.
shampoo,ʃæmˈpuː,шампунь,2,Objects,He used shampoo to wash his hair.
comb,koʊm,расческа/гребень,1,Objects,She used a comb to style her hair.
hairbrush,ˈhɛrˌbrʌʃ,щетка для волос,2,Objects,He brushed his hair with a hairbrush.
scissors,ˈsɪzərz,ножницы,2,Objects,She used scissors to cut the paper.
razor,ˈreɪzər,бритва,2,Objects,He shaved his beard with a razor.
shirt,ʃɜːrt,рубашка,1,Clothing,He wore a blue shirt to the meeting.
t-shirt,ˈtiːˌʃɜːrt,футболка,1,Clothing,She bought a new T-shirt at the store.
pants,pænts,брюки/штаны,1,Clothing,He prefers jeans over pants.
jeans,ʤiːnz,джинсы,1,Clothing,She wore her favorite jeans to the party.
skirt,skɜːrt,юбка,1,Clothing,She wore a red skirt to the event.
dress,drɛs,платье,1,Clothing,She looked stunning in her new dress.
shoes,ʃuːz,обувь/туфли,1,Clothing,He polished his shoes before going out.
socks,sɒks,носки,1,Clothing,She put on warm socks in the winter.
hat,hæt,шляпа/головной убор,1,Clothing,He wore a hat to protect himself from the sun.
coat,koʊt,пальто,1,Clothing,She put on her coat before leaving the house.
jacket,ˈʤækɪt,куртка/пиджак,1,Clothing,He zipped up his jacket to keep warm.
gloves,ɡlʌvz,перчатки,1,Clothing,She wore gloves to protect her hands.
scarf,skɑːrf,шарф,1,Clothing,He wrapped a scarf around his neck.
belt,bɛlt,ремень/пояс,1,Clothing,He tightened his belt after eating.
suit,suːt,костюм,2,Clothing,He wore a black suit to the wedding.
tie,taɪ,галстук,2,Clothing,He struggled to tie his tie properly.
pocket,ˈpɒkɪt,карман,1,Clothing,She put her phone in her pocket.
bag,bæɡ,сумка/портфель,1,Objects,She carried her books in a bag.
wallet,ˈwɒlɪt,бумажник,2,Objects,He keeps his money in a wallet.
key,kiː,ключ,1,Objects,She lost her car key.
lock,lɒk,замок/запор,2,Objects,He turned the key to unlock the door.
doorbell,ˈdɔːrbɛl,дверной звонок,2,Objects,She rang the doorbell three times.
curtain,ˈkɜːrtən,занавеска/штора,2,Furniture,He opened the curtain to let in some light.
carpet,ˈkɑːrpɪt,ковер,2,Furniture,The living room carpet is soft and cozy.
vacuum cleaner,ˈvækjuːm ˈkliːnər,пылесос,3,Objects,He used the vacuum cleaner to clean the floor.
broom,bruːm,метла/щетка,1,Objects,She swept the floor with a broom.
dustpan,ˈdʌstˌpæn,совок для мусора,2,Objects,He used a dustpan to collect the dirt.
mop,mɒp,швабра,2,Objects,She cleaned the kitchen floor with a mop.
bucket,ˈbʌkɪt,ведро,1,Objects,He filled the bucket with water.
washing machine,ˈwɒʃɪŋ məˈʃiːn,стиральная машина,3,Objects,She did laundry in the washing machine.
dryer,ˈdraɪər,сушилка,3,Objects,The clothes were dried in the dryer.
iron,ˈaɪərn,утюг,2,Objects,He ironed his shirt before work.
fan,fæn,вентилятор,2,Objects,The fan kept the room cool.
air conditioner,ˈɛr kənˈdɪʃənər,кондиционер,3,Objects,The air conditioner was set to a comfortable temperature.
heater,ˈhiːtər,обогреватель,3,Objects,The heater kept the house warm in winter.
stove,stoʊv,плита/печь,3,Objects,She cooked pasta on the stove.
microwave,ˈmaɪkrəˌweɪv,микроволновка,3,Objects,He reheated his meal in the microwave.
toaster,ˈtoʊstər,тостер,3,Objects,The bread was toasted in the toaster.
blender,ˈblɛndər,блендер,3,Objects,She made a smoothie in the blender.
can opener,ˈkæn ˌoʊpənər,открывашка/консервный нож,2,Objects,He used a can opener to open the beans.
corkscrew,ˈkɔːrkˌskruː,штопор,2,Objects,She opened the wine with a corkscrew.
grater,ˈɡreɪtər,терка/тёрка,2,Objects,She grated cheese with a grater.
whisk,wɪsk,венчик,2,Objects,He whisked the eggs for the omelet.
spatula,ˈspæʧələ,лопатка,2,Objects,She flipped the pancakes with a spatula.
tongs,tɒŋz,щипцы,2,Objects,He used tongs to serve the salad.
frying pan,ˈfraɪɪŋ pæn,сковорода,2,Objects,She fried the vegetables in the frying pan.
pot,pɒt,кастрюля,2,Objects,The soup is simmering in the pot.
kettle,ˈkɛtəl,чайник,2,Objects,She boiled water in the kettle.
sink,sɪŋk,раковина/мойка,2,Furniture,He washed the dishes in the sink.
tap,tæp,кран,2,Furniture,She turned the tap to get some water.
dishwasher,ˈdɪʃˌwɒʃər,посудомоечная машина/посудомойка,3,Objects,The dishwasher is full of dirty dishes.
freezer,ˈfriːzər,морозильник/морозилка,3,Objects,She put the ice cream in the freezer.
saucepan,ˈsɔːspæn,кастрюля/сотейник,2,Objects,She heated the soup in a saucepan.
cutting board,ˈkʌtɪŋ bɔːrd,разделочная доска/доска для нарезки,2,Objects,He chopped vegetables on the cutting board.
rolling pin,ˈroʊlɪŋ pɪn,скалка,2,Objects,She used a rolling pin to flatten the dough.
measuring cup,ˈmɛʒərɪŋ kʌp,мерный стакан,2,Objects,He used a measuring cup to measure the flour.
oven mitt,ˈʌvən mɪt,прихватка/рукавица,2,Objects,She wore an oven mitt to take the hot dish out of the oven.
bread,brɛd,хлеб/батон,1,Food,He bought a fresh loaf of bread.
butter,ˈbʌtər,масло/сливочное масло,1,Food,She spread butter on her toast.
cheese,ʧiːz,сыр,1,Food,They added cheese to the pizza.
milk,mɪlk,молоко,1,Food,He drank a glass of milk with breakfast.
yogurt,ˈjoʊɡərt,йогурт,1,Food,She enjoys yogurt with fruit in the morning.
egg,ɛɡ,яйцо,1,Food,He boiled an egg for lunch.
meat,miːt,мясо,1,Food,She cooked meat for dinner.
fish,fɪʃ,рыба,1,Food,They had grilled fish for dinner.
chicken,ˈʧɪkɪn,курица/куриное мясо,1,Food,He prepared a roast chicken for dinner.
beef,biːf,говядина,1,Food,She made beef stew for the family.
pork,pɔːrk,свинина,1,Food,He enjoys pork chops with mashed potatoes.
ham,hæm,ветчина/окорок,1,Food,She made a ham sandwich for lunch.
bacon,ˈbeɪkən,бекон,1,Food,The smell of bacon filled the kitchen.
sausage,ˈsɒsɪdʒ,колбаса/сосиска,2,Food,They grilled sausages for the barbecue.
rice,raɪs,рис,1,Food,She cooked rice to go with the curry.
pasta,ˈpæstə,макароны/паста,1,Food,They served pasta with tomato sauce.
potato,pəˈteɪtoʊ,картофель/картошка,1,Food,He mashed the potatoes for dinner.
tomato,təˈmeɪtoʊ,помидор/томат,1,Food,She sliced a tomato for the salad.
cucumber,ˈkjuːkʌmbər,огурец,2,Food,He added cucumber to the sandwich.
carrot,ˈkærət,морковь,1,Food,She grated a carrot for the salad.
onion,ˈʌnjən,лук,1,Food,He chopped an onion for the stir-fry.
garlic,ˈɡɑːrlɪk,чеснок,1,Food,She added garlic to the sauce.
lettuce,ˈlɛtɪs,салат/листовой салат,1,Food,He used lettuce in the burger.
spinach,ˈspɪnɪʧ,шпинат,2,Food,She sautéed spinach with garlic.
broccoli,ˈbrɒkəli,брокколи,2,Food,They steamed broccoli as a side dish.
cauliflower,ˈkɒlɪˌflaʊər,цветная капуста,2,Food,She made a cauliflower soup.
pepper,ˈpɛpər,перец,1,Food,He sprinkled black pepper on his meal.
salt,sɔːlt,соль,1,Food,She added a pinch of salt to the soup.
sugar,ˈʃʊɡər,сахар,1,Food,He stirred sugar into his coffee.
oil,ɔɪl,масло/растительное масло,1,Food,She drizzled olive oil over the salad.
vinegar,ˈvɪnɪɡər,уксус,2,Food,He mixed vinegar with oil for the dressing.
mustard,ˈmʌstərd,горчица,2,Food,She spread mustard on the sandwich.
ketchup,ˈkɛʧəp,кетчуп,1,Food,He dipped his fries in ketchup.
mayonnaise,ˈmeɪəˌneɪz,майонез,2,Food,She added mayonnaise to the potato salad.
read,riːd,читать,1,Verbs,He loves to read books before bed.
write,raɪt,писать,1,Verbs,She writes in her journal every night.
speak,spiːk,говорить/разговаривать,1,Verbs,He speaks English fluently.
listen,ˈlɪsən,слушать/прислушиваться,1,Verbs,She likes to listen to music while working.
hear,hɪr,слышать/услышать,1,Verbs,He can hear birds singing outside.
see,siː,видеть/увидеть,1,Verbs,She could see the mountains from her window.
watch,wɒtʃ,смотреть/наблюдать,2,Verbs,They watched a movie last night.
look,lʊk,смотреть/глядеть,1,Verbs,He looked out the window.
sit,sɪt,сидеть/присесть,1,Verbs,She sat down to rest for a while.
stand,stænd,стоять/встать,1,Verbs,He stood in line at the store.
walk,wɔːk,ходить/идти,1,Verbs,She walks her dog every morning.
run,rʌn,бежать/бегать,1,Verbs,He runs five kilometers every day.
jump,ʤʌmp,прыгать/скакать,1,Verbs,The kids love to jump on the trampoline.
dance,dæns,танцевать/плясать,1,Verbs,They danced to the music all night.
sing,sɪŋ,петь/напевать,1,Verbs,She sings in the choir every Sunday.
eat,iːt,есть/кушать,1,Verbs,He eats breakfast at 7 AM every day.
drink,drɪŋk,пить/выпивать,1,Verbs,She drank a glass of water after the run.
sleep,sliːp,спать/дремать,1,Verbs,He tries to sleep eight hours a night.
wake,weɪk,просыпаться/будить,1,Verbs,She wakes up early for work.
open,ˈoʊpən,открывать/распахивать,1,Verbs,He opened the window to let in fresh air.
close,kloʊz,закрывать/захлопывать,1,Verbs,She closed the door quietly.
push,pʊʃ,толкать/нажимать,1,Verbs,He pushed the door open.
pull,pʊl,тянуть/дергать,1,Verbs,She pulled the rope to raise the flag.
lift,lɪft,поднимать/вздымать,1,Verbs,He lifted the box onto the shelf.
carry,ˈkæri,нести/переносить,1,Verbs,She carried the groceries home.
throw,θroʊ,бросать/кидать,2,Verbs,He threw the ball to his friend.
catch,kæʧ,ловить/поймать,1,Verbs,She caught the ball with one hand.
drive,draɪv,водить/управлять,2,Verbs,He drives to work every day.
ride,raɪd,ехать верхом/кататься,2,Verbs,She rode her bike to the park.
fly,flaɪ,летать/полететь,1,Verbs,He wants to learn how to fly a plane.
swim,swɪm,плавать/купаться,1,Verbs,They swam in the lake during the summer.
climb,klaɪm,лазить/взбираться,2,Verbs,She climbed the mountain with her friends.
dig,dɪɡ,копать/рыть,1,Verbs,He dug a hole in the garden.
plant,plænt,сажать/сеять,1,Verbs,She planted flowers in the yard.
grow,ɡroʊ,расти/выращивать,1,Verbs,He grows vegetables in his garden.
cut,kʌt,резать/отрезать,1,Verbs,She cut the paper with scissors.
cook,kʊk,готовить/варить,1,Verbs,He cooked dinner for his family.
bake,beɪk,печь/выпекать,1,Verbs,She baked a cake for the party.
boil,bɔɪl,варить/кипятить,1,Verbs,He boiled water for tea.
fry,fraɪ,жарить/поджаривать,1,Verbs,She fried the eggs in a pan.
mix,mɪks,смешивать/перемешивать,1,Verbs,He mixed the ingredients for the cake.
stir,stɜːr,мешать/размешивать,1,Verbs,She stirred the soup on the stove.
clean,kliːn,чистить/убирать,1,Verbs,He cleaned the kitchen after dinner.
wash,wɒʃ,мыть/стирать,1,Verbs,She washed the dishes by hand.
dry,draɪ,сушить/высушивать,1,Verbs,He dried the plates with a towel.
sweep,swiːp,подметать/чистить,1,Verbs,She swept the floor after breakfast.
mop,mɒp,мыть шваброй/протирать,1,Verbs,He mopped the kitchen floor.
vacuum,ˈvækjuːm,пылесосить/вакуумировать,2,Verbs,She vacuumed the living room.
dust,dʌst,вытирать пыль/чистить,1,Verbs,He dusted the shelves in the library.
iron,ˈaɪərn,гладить/утюжить,1,Verbs,She ironed her shirt for work.
fold,foʊld,складывать/сгибать,1,Verbs,He folded the laundry.
hang,hæŋ,вешать/подвешивать,1,Verbs,She hung the picture on the wall.
change,ʧeɪndʒ,менять/изменять,1,Verbs,He changed his clothes after work.
fix,fɪks,чинить/ремонтировать,1,Verbs,She fixed the broken chair.
repair,rɪˈpɛr,ремонтировать/исправлять,2,Verbs,He repaired the car engine.
build,bɪld,строить/создавать,1,Verbs,She built a birdhouse with her kids.
paint,peɪnt,красить/раскрашивать,1,Verbs,They painted the walls blue.
draw,drɔː,рисовать/чертить,1,Verbs,She drew a picture of a tree.
count,kaʊnt,считать/подсчитывать,1,Verbs,He counted the coins on the table.
measure,ˈmɛʒər,измерять/мерить,2,Verbs,She measured the length of the fabric.
weigh,weɪ,взвешивать/определять вес,1,Verbs,He weighed the ingredients for the cake.
record,rɪˈkɔrd,записывать/фиксировать,2,Verbs,She recorded the meeting on her phone.
photograph,ˈfoʊtəˌɡræf,фотографировать/снимать,3,Verbs,He photographed the beautiful sunset.
phone,foʊn,звонить/вызывать,1,Verbs,She phoned her friend to catch up.
answer,ˈænsər,отвечать/реагировать,1,Verbs,He answered the phone on the second ring.
ask,æsk,спрашивать/задавать вопрос,1,Verbs,She asked the teacher a question.
question,ˈkwɛsʧən,задавать вопросы/допрашивать,2,Verbs,"I will question him tomorrow."
understand,ˌʌndərˈstænd,понимать/осознавать,2,Verbs,"I understand the problem now."
explain,ɪkˈspleɪn,объяснять/разъяснять,2,Verbs,"Can you explain this to me?"
learn,lɜːrn,учить/изучать,1,Verbs,"I want to learn a new language."
study,ˈstʌdi,изучать/заниматься,1,Verbs,"She will study for the exam tonight."
teach,tiːʧ,учить/преподавать,1,Verbs,"He will teach the class next week."
train,treɪn,тренировать/обучать,1,Verbs,"They train every morning for the marathon."
practice,ˈpræktɪs,практиковаться/тренироваться,2,Verbs,"She practices the piano daily."
test,tɛst,тестировать/проверять,1,Verbs,"We need to test the software before release."
solve,sɒlv,решать/разрешать,1,Verbs,"Can you solve this math problem?"
calculate,ˈkælkjʊˌleɪt,вычислять/подсчитывать,2,Verbs,"We need to calculate the total cost."
invent,ɪnˈvɛnt,изобретать/придумывать,2,Verbs,"He invented a new device."
discover,dɪˈskʌvər,открывать/обнаруживать,2,Verbs,"They discovered a hidden cave."
explore,ɪkˈsplɔr,исследовать/разведывать,2,Verbs,"We explored the island last summer."
research,rɪˈsɜrʧ,исследовать/изучать,2,Verbs,"She is researching climate change."
analyze,ˈænəˌlaɪz,анализировать/разбирать,2,Verbs,"We need to analyze the data carefully."
decide,dɪˈsaɪd,решать/принимать решение,2,Verbs,"She decided to take the job."
choose,ʧuːz,выбирать/избирать,1,Verbs,"I choose the blue one."
select,sɪˈlɛkt,выбирать/подбирать,1,Verbs,"Please select a date for the meeting."
judge,ʤʌʤ,судить/оценивать,1,Verbs,"Don't judge people by their appearance."
compare,kəmˈpɛr,сравнивать/сопоставлять,2,Verbs,"We will compare the two results."
contrast,ˈkɒntræst,сопоставлять/противопоставлять,2,Verbs,"The bright colors contrast with the dark background."
remember,rɪˈmɛmbər,помнить/вспоминать,2,Verbs,"I remember you from last year."
forget,fərˈɡɛt,забывать/оставлять,2,Verbs,"I always forget my keys."
remind,rɪˈmaɪnd,напоминать/уведомлять,2,Verbs,"Please remind me to call her tomorrow."
imagine,ɪˈmæʤən,представлять/воображать,2,Verbs,"I can imagine how difficult that was."
dream,driːm,мечтать/видеть сны,1,Verbs,"She dreams of traveling the world."
hope,hoʊp,надеяться/уповать,1,Verbs,"I hope we win the game."
wish,wɪʃ,желать/хотеть,1,Verbs,"I wish you all the best."
believe,bɪˈliːv,верить/полагать,1,Verbs,"I believe in hard work."
doubt,daʊt,сомневаться/подозревать,1,Verbs,"I doubt he will come to the party."
guess,ɡɛs,угадывать,1,Verbs,"Can you guess the answer?"
plan,plæn,планировать,1,Verbs,"We need to plan the trip soon."
organize,ˈɔːrɡəˌnaɪz,организовывать,2,Verbs,"She organized the entire event."
arrange,əˈreɪndʒ,договариваться,2,Verbs,"Can you arrange a meeting for us?"
manage,ˈmænɪʤ,управлять,1,Verbs,"He manages a large team at work."
lead,liːd,руководить,1,Verbs,"She will lead the discussion tomorrow."
control,kənˈtroʊl,контролировать,1,Verbs,"We need to control the temperature in the room."
command,kəˈmænd,командовать,2,Verbs,"He commanded the troops during the battle."
direct,dɪˈrɛkt,направлять,2,Verbs,"She directed the actors in the play."
guide,ɡaɪd,направлять,1,Verbs,"He guided us through the city."
supervise,ˈsuːpərˌvaɪz,контролировать,2,Verbs,"She supervises the entire project."
motivate,ˈmoʊtəˌveɪt,мотивировать,2,Verbs,"They need to motivate the team to work harder."
inspire,ɪnˈspaɪər,вдохновлять,2,Verbs,"Her story inspires me every day."
encourage,ɪnˈkɜrɪʤ,поощрять,2,Verbs,"We encourage everyone to participate."
support,səˈpɔrt,поддерживать,1,Verbs,"They support the charity with donations."
defend,dɪˈfɛnd,защищать,2,Verbs,"He defended his title in the match."
attack,əˈtæk,атаковать,2,Verbs,"The army attacked at dawn."
fight,faɪt,драться,1,Verbs,"They fought for their rights."
protect,prəˈtɛkt,защищать,2,Verbs,"He always protects his family."
serve,sɜrv,служить,1,Verbs,"She serves as a volunteer at the hospital."
help,hɛlp,помогать,1,Verbs,"Can you help me with this task?"
assist,əˈsɪst,ассистировать,2,Verbs,"She assisted the doctor during the surgery."
suggest,səˈʤɛst,предлагать,2,Verbs,"He suggested a new approach to the problem."
recommend,ˌrɛkəˈmɛnd,рекомендовать,2,Verbs,"I recommend this book to everyone."
persuade,pərˈsweɪd,убеждать,2,Verbs,"She persuaded him to join the team."
convince,kənˈvɪns,убеждать,2,Verbs,"He convinced me to try the new restaurant."
negotiate,nɪˈɡoʊʃiˌeɪt,вести переговоры,3,Verbs,"They negotiated the terms of the contract."
argue,ˈɑrɡjuː,спорить,2,Verbs,"They argue about politics all the time."
discuss,dɪˈskʌs,обсуждать,2,Verbs,"We discussed the project in detail."
debate,dɪˈbeɪt,дискутировать,2,Verbs,"They debated the issue for hours."
talk,tɔk,говорить,1,Verbs,"We need to talk about the changes."
chat,ʧæt,болтать,1,Verbs,"They chatted for hours over coffee."
converse,kənˈvɜrs,беседовать,2,Verbs,"They conversed in French."
inform,ɪnˈfɔrm,информировать,2,Verbs,"Please inform me of any changes."
notify,ˈnoʊtəˌfaɪ,уведомлять,2,Verbs,"We will notify you when it's ready."
announce,əˈnaʊns,объявлять,2,Verbs,"They announced the winner yesterday."
declare,dɪˈklɛr,заявлять,2,Verbs,"The president declared a state of emergency."
proclaim,proʊˈkleɪm,провозглашать,2,Verbs,"He proclaimed his innocence."
pronounce,prəˈnaʊns,произносить,2,Verbs,"How do you pronounce this word?"
say,seɪ,сказать,1,Verbs,"She wanted to say something important."
tell,tɛl,рассказывать,1,Verbs,"He will tell you the full story."
express,ɪkˈsprɛs,выражать,2,Verbs,"She expressed her feelings clearly."
communicate,kəmˈjunɪˌkeɪt,общаться,3,Verbs,"They communicate via email regularly."
convey,kənˈveɪ,передавать,2,Verbs,"It’s hard to convey emotions over text."
transfer,trænsˈfɜr,переводить,2,Verbs,"She transferred the funds to his account."
deliver,dɪˈlɪvər,доставлять,2,Verbs,"The courier will deliver the package tomorrow."
send,sɛnd,посылать,1,Verbs,"I will send you the document by email."
receive,rɪˈsiv,получать,2,Verbs,"Did you receive the package I sent?"
accept,ækˈsɛpt,принимать,2,Verbs,"She gladly accepted the invitation."
decline,dɪˈklaɪn,отклонять,2,Verbs,"He declined the job offer politely."
refuse,rɪˈfjuz,отказываться,2,Verbs,"She refused to participate in the event."
permit,pərˈmɪt,разрешать,2,Verbs,"They don’t permit smoking in the building."
allow,əˈlaʊ,позволять,2,Verbs,"The app allows you to edit photos easily."
forbid,fərˈbɪd,запрещать,2,Verbs,"The rules forbid any kind of cheating."
criticize,ˈkrɪtəˌsaɪz,критиковать,2,Verbs,"He often criticizes his team members."
praise,preɪz,хвалить,1,Verbs,"The coach praised the players after the game."
estimate,ˈɛstəmət,оценивать,2,Verbs,"They estimated the cost of repairs to be $500."
value,ˈvæljuː,ценить,1,Verbs,"He values his friendships more than anything."
appreciate,əˈpriʃiˌeɪt,ценить,2,Verbs,"I really appreciate your help with this task."
ignore,ɪɡˈnɔr,игнорировать,2,Verbs,"He ignored the warning signs on the road."
notice,ˈnoʊtɪs,замечать,1,Verbs,"Did you notice the new sign outside?"
observe,əbˈzɜrv,наблюдать,2,Verbs,"They observed the wildlife from a safe distance."
examine,ɪɡˈzæmɪn,исследовать,2,Verbs,"The doctor will examine the patient carefully."
search,sɜrʧ,искать,1,Verbs,"She’s searching for her lost keys."
find,faɪnd,находить,1,Verbs,"I found my glasses under the couch."
lose,luːz,терять,1,Verbs,"He lost his phone at the concert."
discover,dɪˈskʌvər,обнаруживать,2,Verbs,"They discovered a hidden room in the house."
detect,dɪˈtɛkt,обнаруживать,2,Verbs,"The machine detects even the smallest particles."
identify,aɪˈdɛntɪˌfaɪ,идентифицировать,2,Verbs,"She identified the man as her former colleague."
classify,ˈklæsɪˌfaɪ,классифицировать,2,Verbs,"The scientists classified the new species."
sort,sɔrt,сортировать,1,Verbs,"He sorted the files into different folders."
arrange,əˈreɪndʒ,организовывать,2,Verbs,"She arranged a meeting with the client."
schedule,ˈskɛʤʊl,составлять расписание,2,Verbs,"We need to schedule the project deadlines."
prepare,prɪˈpɛr,готовить,1,Verbs,"She’s preparing for her final exams."
coordinate,koʊˈɔrdɪˌneɪt,координировать,3,Verbs,"They are coordinating efforts for the big event."
dominate,ˈdɒmɪˌneɪt,доминировать,2,Verbs,"The team dominated the match from start to finish."
influence,ˈɪnflʊəns,влиять,2,Verbs,"His words had a strong influence on the decision."
order,ˈɔrdər,приказывать,1,Verbs,"She ordered the team to start the project."
urge,ɜrdʒ,настоятельно призывать,1,Verbs,"They urged the government to take action."
press,prɛs,нажимать,1,Verbs,"He pressed the button to call the elevator."
click,klɪk,щелкать,1,Verbs,"Click the link to open the website."
type,taɪp,печатать,1,Verbs,"She types faster than anyone else in the office."
print,prɪnt,печать,1,Verbs,"The printer is out of ink, so I can’t print the document."
scan,skæn,сканировать,1,Verbs,"He scanned the document into the computer."
copy,ˈkɒpi,копировать,1,Verbs,"She copied the text from the email."
paste,peɪst,вставлять,1,Verbs,"He pasted the image into the document."
delete,dɪˈliːt,удалять,1,Verbs,"I accidentally deleted the file from my computer."
save,seɪv,сохранять,1,Verbs,"Don’t forget to save your work frequently."
upload,ˌʌpˈloʊd,загружать,2,Verbs,"She uploaded the video to YouTube."
download,ˌdaʊnˈloʊd,скачивать,2,Verbs,"I downloaded the latest software update."
browse,braʊz,просматривать,1,Verbs,"She browsed the web for new shoes."
surf,sɜrf,просматривать,1,Verbs,"He’s surfing the internet for research purposes."
share,ʃɛr,делиться,1,Verbs,"You can share this file with your colleagues."
connect,kəˈnɛkt,соединять,2,Verbs,"She connected her phone to the Wi-Fi."
join,ʤɔɪn,присоединяться,1,Verbs,"He joined the club last year."
link,lɪŋk,связывать,1,Verbs,"The two companies linked their networks."
disconnect,ˌdɪskəˈnɛkt,отсоединять,2,Verbs,"He disconnected the charger from the laptop."
block,blɒk,блокировать,1,Verbs,"She blocked his number after the argument."
unblock,ʌnˈblɒk,разблокировать,2,Verbs,"He unblocked the user after resolving the issue."
install,ɪnˈstɔl,устанавливать,2,Verbs,"She installed the new software yesterday."
remove,rɪˈmuv,удалять,1,Verbs,"He removed the sticker from the box."
replace,rɪˈpleɪs,заменять,2,Verbs,"They replaced the old equipment with new models."
insert,ˌɪnˈsɜrt,вставлять,2,Verbs,"Please insert the card into the slot."
debug,ˌdiːˈbʌɡ,устранять ошибки,2,Verbs,"He spent hours debugging the code."
monitor,ˈmɒnɪtə,мониторить,2,Verbs,"They are monitoring the system for any errors."
optimize,ˈɒptɪmaɪz,оптимизировать,2,Verbs,"The team optimized the website for better performance."
validate,ˈvælɪdeɪt,проверять,2,Verbs,"Please validate your email address to continue."
integrate,ˈɪntɪɡreɪt,интегрировать,2,Verbs,"They integrated the new software with the existing system."
deploy,dɪˈplɔɪ,разворачивать,2,Verbs,"The company deployed the new servers last week."
maintain,meɪnˈteɪn,поддерживать,1,Verbs,"They maintain the machines regularly to avoid breakdowns."
troubleshoot,ˈtrʌblʃuːt,устранять неполадки,2,Verbs,"The IT department is troubleshooting the network issue."
document,ˈdɒkjʊmənt,документировать,2,Verbs,"He documented the entire process in detail."
archive,ˈɑrkɪv,архивировать,2,Verbs,"They archived the old files to free up space."
backup,ˈbækˌʌp,резервировать,2,Verbs,"Remember to backup your data regularly."
encrypt,ɪnˈkrɪpt,шифровать,2,Verbs,"The company encrypts sensitive information for security."
decrypt,diːˈkrɪpt,расшифровывать,2,Verbs,"He decrypted the message to access the hidden data."
compress,kəmˈprɛs,сжимать,2,Verbs,"They compressed the file to reduce its size."
decompress,diːkəmˈprɛs,разжимать,2,Verbs,"You need special software to decompress the folder."
restore,rɪˈstɔr,восстанавливать,2,Verbs,"The team managed to restore the lost data."
recover,rɪˈkʌvər,восстанавливать,2,Verbs,"It took hours to recover the deleted files."
upgrade,ˈʌpˌɡreɪd,обновлять,2,Verbs,"They upgraded the software to the latest version."
update,ʌpˈdeɪt,обновлять,2,Verbs,"She updates her apps every week."
modify,ˈmɒdɪfaɪ,изменять,2,Verbs,"You can modify the settings to suit your preferences."
customize,ˈkʌstəˌmaɪz,настраивать,2,Verbs,"He customized the homepage to show relevant content."
configure,kənˈfɪɡə,настраивать,2,Verbs,"She configured the system to run more efficiently."
personalize,ˈpɜrsənəˌlaɪz,персонализировать,2,Verbs,"You can personalize the app’s appearance to match your style."
develop,dɪˈvɛləp,разрабатывать,2,Verbs,"The team is developing a new mobile app."
create,kriˈeɪt,создавать,2,Verbs,"She created a stunning design for the project."
generate,ˈʤɛnəˌreɪt,генерировать,2,Verbs,"The software generates random numbers for testing."
construct,kənˈstrʌkt,конструировать,2,Verbs,"They constructed a model of the new building."
design,dɪˈzaɪn,дизайнировать,2,Verbs,"She designed the logo for the new brand."
describe,dɪˈskraɪb,описывать,2,Verbs,"Can you describe what the suspect looked like?"
illustrate,ˈɪləˌstreɪt,иллюстрировать,2,Verbs,"The artist illustrated the children’s book beautifully."
clarify,ˈklærəˌfaɪ,уточнять,2,Verbs,"Could you clarify your statement from earlier?"
interpret,ɪnˈtɜrprɪt,интерпретировать,2,Verbs,"She interpreted the data to find useful patterns."
translate,trænsˈleɪt,переводить,2,Verbs,"He translated the document from English to Russian."
advocate,ˈædvəˌkeɪt,отстаивать,3,Verbs,"She advocates for equal rights in the workplace."
assist,əˈsɪst,помогать,2,Verbs,"He assisted his colleague with the report."
aid,eɪd,помогать,1,Verbs,"The government sent aid to the flood victims."
facilitate,fəˈsɪlɪˌteɪt,способствовать,3,Verbs,"The new system facilitates smoother communication between teams."
back,bæk,поддерживать,1,Verbs,"She backed his decision to start the new project."
advise,ədˈvaɪz,советовать,1,Verbs,"The teacher advised her to study harder."
propose,prəˈpoʊz,предлагать,2,Verbs,"He proposed a new plan during the meeting."
submit,səbˈmɪt,подавать,2,Verbs,"Please submit your assignment by Friday."
present,ˈprɛzənt,представлять,1,Verbs,"She presented the findings at the conference."
offer,ˈɔfər,предлагать,1,Verbs,"He offered to help with the project."
request,rɪˈkwɛst,запрашивать,1,Verbs,"She requested a day off from work."
ask,æsk,просить,1,Verbs,"He asked her for advice on the matter."
demand,dɪˈmænd,требовать,2,Verbs,"The workers demanded better pay and conditions."
require,rɪˈkwaɪər,требовать,2,Verbs,"This job requires a high level of skill."
introduce,ˌɪntrəˈdus,вводить,2,Verbs,"The company introduced a new policy last year."
initiate,ɪˈnɪʃiˌeɪt,начинать,2,Verbs,"He initiated the negotiations between the two companies."
start,stɑrt,начинать,1,Verbs,"She started a new project last week."
begin,bɪˈɡɪn,начинать,1,Verbs,"They began working on the project right away."
commence,kəˈmɛns,начинать,2,Verbs,"The meeting will commence at 10 a.m."
launch,lɔnʧ,запускать,1,Verbs,"They launched a new product line this summer."
conclude,kənˈkluːd,заключать,2,Verbs,"The meeting concluded after two hours."
finish,ˈfɪnɪʃ,заканчивать,1,Verbs,"She finished the report ahead of schedule."
complete,kəmˈpliːt,завершать,2,Verbs,"He completed the task with great attention to detail."
end,ɛnd,заканчивать,1,Verbs,"The concert ended at midnight."
terminate,ˈtɜrmɪˌneɪt,завершать,2,Verbs,"The contract was terminated early due to unforeseen circumstances."
finalize,ˈfaɪnəlˌaɪz,завершать,2,Verbs,"They finalized the details of the deal last night."
execute,ˈɛksɪˌkjut,выполнять,2,Verbs,"The program executes the command in milliseconds."
implement,ˈɪmplɪˌmɛnt,реализовывать,2,Verbs,"They implemented a new strategy to boost sales."
apply,əˈplaɪ,применять,1,Verbs,"He applied for a job at the new company."
use,juːz,использовать,1,Verbs,"She uses her phone to check emails."
operate,ˈɒpəˌreɪt,управлять,2,Verbs,"He operates heavy machinery at the construction site."
run,rʌn,управлять,1,Verbs,"She runs her own business from home."
oversee,ˈoʊvərˌsiː,надзирать,2,Verbs,"He oversees all the operations in the company."
handle,ˈhændl,обращаться с,1,Verbs,"She handles customer complaints with care."
manipulate,məˈnɪpjʊˌleɪt,манипулировать,2,Verbs,"He manipulated the data to get the desired outcome."
drive,draɪv,управлять,1,Verbs,"He drives to work every day."
steer,stɪər,направлять,1,Verbs,"She steered the car safely through the storm."
navigate,ˈnævɪˌɡeɪt,управлять,2,Verbs,"They navigated the ship through the rough waters."
adjust,əˈʤʌst,регулировать,2,Verbs,"She adjusted the seat to fit her height."
produce,prəˈdjus,производить,2,Verbs,"The factory produces hundreds of cars every day."
manufacture,ˌmænjəˈfækʧər,производить,2,Verbs,"They manufacture parts for electronic devices."
assemble,əˈsɛmbəl,собирать,2,Verbs,"The team assembled the new furniture quickly."
setup,ˈsɛtˌʌp,настраивать,2,Verbs,"He set up the system for optimal performance."
calibrate,ˈkælɪˌbreɪt,калибровать,2,Verbs,"They calibrated the equipment to ensure accurate results."
tune,tjun,настраивать,1,Verbs,"He tuned the guitar before the concert."
improve,ɪmˈpruv,улучшать,1,Verbs,"She improved her skills by practicing every day."
enhance,ɪnˈhæns,улучшать,2,Verbs,"The upgrade enhanced the device's performance."
boost,buːst,ускорять,1,Verbs,"The new advertising campaign boosted sales significantly."
accelerate,ækˈsɛləˌreɪt,ускорять,2,Verbs,"The car accelerated quickly on the highway."
speed,spiːd,ускорять,1,Verbs,"He sped up to catch the train."
hasten,ˈheɪsn,ускорять,2,Verbs,"She hastened to finish the project before the deadline."
slow,sloʊ,замедлять,1,Verbs,"He slowed down to avoid the traffic jam."
delay,dɪˈleɪ,задерживать,2,Verbs,"The flight was delayed due to bad weather."
postpone,poʊstˈpoʊn,откладывать,2,Verbs,"They postponed the meeting until next week."
reschedule,riˈskɛʤəl,переносить,3,Verbs,"She rescheduled her appointment for next month."
cancel,ˈkænsəl,отменять,2,Verbs,"They cancelled the event due to low attendance."
stop,stɑp,останавливать,1,Verbs,"He stopped the machine to fix a technical issue."
pause,pɔz,приостанавливать,1,Verbs,"She paused the video to answer the phone."
interrupt,ˌɪntəˈrʌpt,прерывать,2,Verbs,"He interrupted the speaker with a question."
suspend,səˈspɛnd,приостанавливать,2,Verbs,"The service was suspended due to non-payment."
confirm,kənˈfɜrm,подтверждать,2,Verbs,"They confirmed the reservation for the hotel."
assess,əˈsɛs,оценивать,2,Verbs,"The teacher assessed the students’ performance."
certify,ˈsɜrtɪˌfaɪ,сертифицировать,2,Verbs,"The company certifies its products for safety standards."
verify,ˈvɛrɪfaɪ,проверять,2,Verbs,"The system verifies your identity before granting access."
check,ʧɛk,проверять,1,Verbs,"She checked the email for any updates."
inspect,ɪnˈspɛkt,инспектировать,2,Verbs,"They inspected the building for safety hazards."
audit,ˈɔːdɪt,аудировать,2,Verbs,"The accountant audited the company’s financial records."
approve,əˈpruv,утверждать,2,Verbs,"The manager approved the budget proposal."
authorize,ˈɔːθəˌraɪz,санкционировать,3,Verbs,"Only the director can authorize such a decision."
evaluate,ɪˈvæljuˌeɪt,оценивать,2,Verbs,"They evaluated the new system’s performance."
review,rɪˈvjuː,обозревать,2,Verbs,"She reviewed the report before sending it to the client."
that,ðæt,что/тот,1,Common Phrases,"That is the book I was talking about."
for,fɔːr,для/за,1,Common Phrases,"This gift is for you."
you,juː,ты/вы,1,Common Phrases,"I will help you with the project."
he,hiː,он,1,Common Phrases,"He is the new manager."
with,wɪð,с,1,Common Phrases,"She went to the meeting with him."
on,ɒn,на,1,Common Phrases,"The report is on the desk."
do,duː,делать,1,Common Phrases,"Do you need help with that?"
this,ðɪs,это,1,Common Phrases,"This is my favorite book."
they,ðeɪ,они,1,Common Phrases,"They are going to the conference together."
at,æt,в/на,1,Common Phrases,"The meeting will be at 10 a.m."
but,bʌt,но,1,Common Phrases,"She wanted to go, but she was too busy."
we,wiː,мы,1,Common Phrases,"We are working on the project."
his,hɪz,его,1,Common Phrases,"That is his car."
from,frəm,из/от,1,Common Phrases,"He is from New York."
not,nɒt,не,1,Common Phrases,"They are not available at the moment."
n't,n̩t,не,1,Common Phrases,"She didn't attend the meeting."
by,baɪ,по/через,1,Common Phrases,"The project was completed by the deadline."
she,ʃiː,она,1,Common Phrases,"She is a talented designer."
or,ɔːr,или,1,Common Phrases,"Would you like tea or coffee?"
as,æz,как/будучи,1,Common Phrases,"She works as a teacher."
what,wɒt,что,1,Common Phrases,"What is your name?"
go,ɡəʊ,идти/ехать,1,Common Phrases,"They will go to the park."
their,ðɛr,их,1,Common Phrases,"That is their house."
can,kæn,мочь,1,Common Phrases,"Can you help me?"
who,huː,кто,1,Common Phrases,"Who is that?"
get,ɡɛt,получить/стать,1,Common Phrases,"He will get the book for you."
if,ɪf,если,1,Common Phrases,"If it rains, we’ll stay indoors."
would,wʊd,бы,1,Common Phrases,"I would like to come with you."
her,hɜːr,её,1,Common Phrases,"That is her car."
all,ɔːl,всё,1,Common Phrases,"All the tickets are sold out."
my,maɪ,мой,1,Common Phrases,"This is my favorite movie."
make,meɪk,делать,1,Common Phrases,"Can you make me a cup of tea?"
about,əˈbaʊt,о/об,1,Common Phrases,"We talked about the project."
know,noʊ,знать,1,Common Phrases,"I know the answer."
will,wɪl,будет/воля,1,Common Phrases,"He will arrive tomorrow."
up,ʌp,вверх,1,Prepositions,"She looked up at the stars."
one,wʌn,один,1,Numbers,"He has one dog."
time,taɪm,время,1,Time,"Do you have time to meet?"
there,ðɛr,там,2,Adverbs,"There is a cat under the table."
year,jɪr,год,1,Time,"This year has been challenging."
so,soʊ,так/поэтому,1,Conjunctions,"It was raining, so we stayed inside."
think,θɪŋk,думать,1,Verbs,"I think we should leave now."
when,wɛn,когда,1,Conjunctions,"When will you arrive?"
which,wɪʧ,который,2,Relative Pronouns,"Which one do you prefer?"
them,ðɛm,их,1,Pronouns,"I gave them the book."
some,sʌm,некоторые,1,Determiners,"Some people prefer tea over coffee."
me,miː,меня/мне,1,Pronouns,"Can you help me with this?"
people,ˈpiːpəl,люди,2,People,"People are gathering at the square."
take,teɪk,взять,1,Verbs,"Take this umbrella in case it rains."
out,aʊt,вне/наружу,1,Prepositions,"She stepped out of the room."
into,ˈɪntuː,в,1,Prepositions,"They walked into the building."
just,ʤʌst,просто,1,Adverbs,"I just finished my homework."
see,siː,видеть,1,Verbs,"Can you see the mountains from here?"
him,hɪm,его,1,Pronouns,"She gave him the book."
your,jɔːr,твой/ваш,1,Pronouns,"This is your pen."
come,kʌm,приходить,1,Verbs,"They will come to the party."
could,kʊd,мог бы,2,Modal Verbs,"I could help you with that."
now,naʊ,сейчас,1,Adverbs,"We need to leave now."
than,ðæn,чем,1,Conjunctions,"She is taller than him."
like,laɪk,нравиться,1,Verbs,"I like this song."
other,ˈʌðər,другой,2,Adjectives,"Do you have any other options?"
how,haʊ,как,1,Adverbs,"How did you get here?"
then,ðɛn,тогда,1,Adverbs,"We will eat, then go for a walk."
its,ɪts,его/её,1,Pronouns,"The cat is licking its paws."
our,ˈaʊər,наш,1,Pronouns,"This is our home."
two,tuː,два,1,Numbers,"They have two children."
more,mɔːr,больше,1,Adverbs,"He wants more cake."
these,ðiːz,эти,1,Demonstrative Pronouns,"These shoes are very comfortable."
want,wɒnt,хотеть,1,Verbs,"I want to go home."
way,weɪ,путь/способ,1,Nouns,"There is no other way to solve this."
look,lʊk,смотреть,1,Verbs,"Look at the sunset."
first,fɜːst,первый,1,Numbers,"She was the first to arrive."
also,ˈɔːlsoʊ,также,1,Conjunctions,"He is also coming to the party."
new,njuː,новый,1,Adjectives,"She bought a new dress."
because,bɪˈkɒz,потому что,1,Conjunctions,"I am late because I missed the bus."
day,deɪ,день,1,Time,"It was a sunny day."
no,noʊ,нет,1,Adverbs,"No, I don’t need help."
man,mæn,мужчина,1,People,"He is a kind man."
find,faɪnd,найти,1,Verbs,"I need to find my keys."
here,hɪr,здесь,1,Adverbs,"You can leave your bag here."
thing,θɪŋ,вещь,1,Objects,"What is that thing on the table?"
give,ɡɪv,давать,1,Verbs,"Give me the book, please."
many,ˈmɛni,многие,1,Quantifiers,"Many people came to the event."
well,wɛl,хорошо,1,Adverbs,"He did well on the test."
only,ˈoʊnli,только,1,Adverbs,"She is the only one who can help."
those,ðoʊz,те,1,Demonstrative Pronouns,"Those are my shoes."
tell,tɛl,сказать,1,Verbs,"Can you tell me your name?"
very,ˈvɛri,очень,1,Adverbs,"She is very smart."
even,ˈiːvən,даже,1,Adverbs,"Even he was surprised by the news."
back,bæk,назад,1,Adverbs,"She came back home late."
any,ˈɛni,любой,1,Quantifiers,"You can take any of these books."
good,ɡʊd,хороший,1,Adjectives,"This is a good idea."
woman,ˈwʊmən,женщина,1,People,"She is a strong woman."
through,θruː,через,2,Prepositions,"We walked through the forest."
us,ʌs,нас/нам,1,Pronouns,"They gave us directions."
life,laɪf,жизнь,1,Common Phrases,"Life is beautiful."
child,ʧaɪld,ребёнок,1,People,"The child was playing in the garden."
work,wɜːrk,работать,1,Verbs,"He works at a hospital."
down,daʊn,вниз,1,Prepositions,"We walked down the hill."
may,meɪ,может,1,Modal Verbs,"May I ask a question?"
after,ˈæftər,после,1,Prepositions,"We will meet after lunch."
should,ʃʊd,должен,1,Modal Verbs,"You should rest after the long day."
call,kɔːl,звонить,1,Verbs,"I will call you later."
world,wɜːrld,мир,2,Nature,"The world is a beautiful place."
over,ˈoʊvər,над/сверх,1,Prepositions,"She hung the picture over the fireplace."
still,stɪl,всё ещё,1,Adverbs,"It is still raining."
try,traɪ,пытаться,1,Verbs,"She will try to finish the project on time."
in,ɪn,в,1,Prepositions,"The keys are in the drawer."
last,læst,последний,1,Adjectives,"This is the last book in the series."
ask,æsk,спросить,1,Verbs,"Can I ask you a question?"
need,niːd,нуждаться,1,Verbs,"I need a break."
too,tuː,тоже,1,Adverbs,"I want to go too."
feel,fiːl,чувствовать,1,Verbs,"I feel tired."
three,θriː,три,1,Numbers,"They have three children."
state,steɪt,состояние,1,Nouns,"The state of the car is good."
never,ˈnɛvər,никогда,1,Adverbs,"She never gives up."
become,bɪˈkʌm,стать,1,Verbs,"She wants to become a doctor."
between,bɪˈtwiːn,между,2,Prepositions,"There is a river between the mountains."
high,haɪ,высокий,1,Adjectives,"The mountain is very high."
really,ˈrɪəli,действительно,1,Adverbs,"I really like this movie."
something,ˈsʌmθɪŋ,что-то,2,Nouns,He said something interesting.
most,moʊst,большинство,1,Adverbs,Most people like pizza.
another,əˈnʌðər,другой,2,Adjectives,She bought another dress.
much,mʌʧ,много,1,Quantifiers,He doesn't have much time.
family,ˈfæmɪli,семья,1,Nouns,I love spending time with my family.
own,oʊn,свой,1,Verbs,She owns a car.
leave,liːv,покидать,1,Verbs,I will leave the party early.
put,pʊt,положить,1,Verbs,Please put the book on the table.
old,oʊld,старый,1,Adjectives,He is an old man.
while,waɪl,пока,1,Conjunctions,She read a book while waiting.
mean,miːn,значить,1,Verbs,What does this word mean?
keep,kiːp,держать,1,Verbs,Keep the door closed.
student,ˈstuːdənt,студент,1,People,The student is studying hard.
why,waɪ,почему,1,Adverbs,Why is the sky blue?
let,lɛt,позволять,1,Verbs,Let him finish his work.
great,ɡreɪt,великий,1,Adjectives,It was a great day!
same,seɪm,такой же,1,Adjectives,We have the same phone.
big,bɪɡ,большой,1,Adjectives,That is a big house.
group,ɡruːp,группа,1,Nouns,The group met at the park.
seem,siːm,казаться,1,Verbs,She seems happy today.
country,ˈkʌntri,страна,1,Places,France is a beautiful country.
where,wɛr,где,1,Adverbs,Where are you going?
turn,tɜːrn,поворачивать,1,Verbs,Turn left at the corner.
problem,ˈprɒbləm,проблема,1,Nouns,We have a problem with the car.
every,ˈɛvri,каждый,1,Determiners,Every student passed the exam.
hand,hænd,рука,1,Body Parts,She raised her hand to ask a question.
might,maɪt,мог бы,1,Modal Verbs,He might come later.
American,əˈmɛrɪkən,американец,1,People,She is an American citizen.
show,ʃoʊ,показывать,1,Verbs,Can you show me the way?
part,pɑːrt,часть,1,Nouns,This is the best part of the movie.
against,əˈɡɛnst,против,1,Prepositions,They are against the new law.
place,pleɪs,место,1,Places,This is a good place to relax.
such,sʌʧ,такой,1,Determiners,It was such a beautiful day.
again,əˈɡɛn,снова,1,Adverbs,I'll call you again tomorrow.
few,fjuː,несколько,1,Quantifiers,A few people came to the party.
case,keɪs,случай,1,Nouns,In this case you are right.
week,wiːk,неделя,1,Time,I will see you next week.
company,ˈkʌmpəni,компания,1,Nouns,She works for a big company.
system,ˈsɪstəm,система,1,Nouns,The system is not working properly.
each,iːʧ,каждый,1,Determiners,Each student has a textbook.
right,raɪt,правильный,1,Adjectives,You are absolutely right!
program,ˈproʊɡræm,программа,1,Nouns,The TV program starts at 8 PM.
hear,hɪər,слышать,1,Verbs,I can hear music from the next room.
question,ˈkwɛsʧən,вопрос,1,Nouns,Do you have a question for the teacher?
during,ˈdjʊərɪŋ,во время,1,Prepositions,She fell asleep during the movie.
play,pleɪ,играть,1,Verbs,The kids play outside every day.
government,ˈɡʌvərnmənt,правительство,2,Politics,The government made a new law.
run,rʌn,бегать,1,Verbs,He likes to run in the morning.
small,smɔːl,маленький,1,Adjectives,The room is too small for a large group.
number,ˈnʌmbər,число,1,Numbers,What is your phone number?
off,ɒf,выключено,1,Prepositions,Please turn the light off.
always,ˈɔːlweɪz,всегда,1,Adverbs,She always smiles at everyone.
move,muːv,двигаться,1,Verbs,We need to move the furniture.
night,naɪt,ночь,1,Time,It was a cold night.
live,lɪv,жить,1,Verbs,They live in New York.
Mr,mɪsˈtər,мистер,1,People,Mr. Smith is my teacher.
point,pɔɪnt,точка,1,Nouns,He made a good point in the meeting.
believe,bɪˈliːv,верить,1,Verbs,I believe you can do it.
hold,hoʊld,держать,1,Verbs,Please hold my hand.
today,təˈdeɪ,сегодня,1,Time,I have a lot to do today.
bring,brɪŋ,приносить,1,Verbs,Please bring your homework to class.
happen,ˈhæpən,происходить,1,Verbs,What will happen next?
next,nɛkst,следующий,1,Time,The next bus arrives at 3 PM.
without,wɪˈðaʊt,без,1,Prepositions,I can't live without my phone.
before,bɪˈfɔːr,до,1,Prepositions,I need to finish my work before lunch.
large,lɑːrʤ,большой,1,Adjectives,They live in a large house.
million,ˈmɪljən,миллион,1,Numbers,The company made a million dollars in profit.
must,mʌst,должен,1,Modal Verbs,You must wear a helmet when riding a bike.
home,hoʊm,дом,1,Places,Let's go home now.
under,ˈʌndər,под,1,Common Phrases,The cat is hiding under the table.
room,ruːm,комната,1,Places,This room is very spacious.
mother,ˈmʌðər,мать,1,People,My mother is an amazing cook.
area,ˈɛriə,область,1,Places,This area is known for its beautiful parks.
national,ˈnæʃənl,национальный,1,Common Phrases,She works for a national newspaper.
money,ˈmʌni,деньги,1,Common Phrases,Money can't buy happiness.
story,ˈstɔːri,история,1,Common Phrases,That's an interesting story.
young,jʌŋ,молодой,1,Common Phrases,He is still young and has a lot to learn.
fact,fækt,факт,1,Common Phrases,It's a fact that exercise is good for you.
month,mʌnθ,месяц,1,Time,I will start my new job next month.
different,ˈdɪfrənt,различный,1,Common Phrases,They have different opinions on the topic.
lot,lɒt,много,1,Common Phrases,There are a lot of books on the shelf.
study,ˈstʌdi,учиться,1,Common Phrases,I need to study for the test.
eye,aɪ,глаз,1,Body Parts,She has beautiful blue eyes.
job,ʤɒb,работа,1,Common Phrases,He got a new job as a teacher.
word,wɜːrd,слово,1,Common Phrases,Do you know what this word means?
though,ðoʊ,хотя,1,Common Phrases,I like the movie though it was a bit long.
business,ˈbɪznɪs,бизнес,1,Common Phrases,She runs her own business.
issue,ˈɪʃuː,вопрос/проблема,1,Common Phrases,We need to discuss this issue.
side,saɪd,сторона,1,Common Phrases,Please stand on the other side of the road.
kind,kaɪnd,вид/тип,1,Common Phrases,What kind of music do you like?
four,fɔːr,четыре,1,Numbers,I have four apples in my bag.
head,hɛd,голова,1,Body Parts,She shook her head in disagreement.
far,fɑːr,далеко,1,Common Phrases,The store is far from here.
black,blæk,чёрный,1,Colors,He is wearing a black jacket.
long,lɒŋ,длинный,1,Common Phrases,She has long hair.
both,boʊθ,оба,1,Common Phrases,Both of them are coming to the party.
little,ˈlɪtəl,маленький,1,Common Phrases,He has a little dog.
house,haʊs,дом,1,Places,They bought a new house.
yes,jɛs,да,1,Common Phrases,Yes I agree with you.
since,sɪns,с/так как,1,Common Phrases,I haven't seen him since last year.
provide,prəˈvaɪd,предоставлять,1,Common Phrases,They provide excellent customer service.
service,ˈsɜːrvɪs,услуга,1,Common Phrases,The service at the restaurant was great.
around,əˈraʊnd,вокруг,1,Common Phrases,We walked around the park.
friend,frɛnd,друг,1,People,She is my best friend.
important,ɪmˈpɔːrtənt,важный,1,Common Phrases,It's important to stay healthy.
father,ˈfɑːðər,отец,1,People,My father is a doctor.
sit,sɪt,сидеть,1,Common Phrases,Please sit down.
away,əˈweɪ,вдали,1,Common Phrases,He lives far away from here.
until,ənˈtɪl,до,1,Common Phrases,Wait until I get back.
power,ˈpaʊər,сила,1,Common Phrases,Knowledge is power.
hour,ˈaʊər,час,1,Time,It took an hour to get there.
game,ɡeɪm,игра,1,Common Phrases,They played a fun game.
often,ˈɔːfən,часто,1,Common Phrases,She often visits her grandmother.
yet,jɛt,ещё/пока,1,Common Phrases,He hasn't arrived yet.
line,laɪn,линия,1,Common Phrases,Please stand in line.
political,pəˈlɪtɪkəl,политический,1,Politics,She is interested in political issues.
end,ɛnd,конец,1,Common Phrases,This is the end of the road.
among,əˈmʌŋ,среди,1,Common Phrases,She is popular among her friends.
ever,ˈɛvər,когда-либо,1,Common Phrases,Have you ever been to Paris?
stand,stænd,стоять,1,Common Phrases,I can't stand the heat.
bad,bæd,плохой,1,Common Phrases,That was a bad idea.
however,haʊˈɛvər,однако,1,Common Phrases,He is smart; however he is lazy.
member,ˈmɛmbər,член,1,Common Phrases,He is a member of the club.
pay,peɪ,платить,1,Common Phrases,I need to pay my bills.
law,lɔː,закон,1,Politics,The new law was passed yesterday.
meet,miːt,встречать,1,Common Phrases,I will meet you at the restaurant.
car,kɑːr,автомобиль,1,Objects,He drives a red car.
city,ˈsɪti,город,1,Places,Paris is a beautiful city.
almost,ˈɔːlmoʊst,почти,1,Common Phrases,The movie is almost over.
include,ɪnˈkluːd,включать,1,Common Phrases,Please include your contact details.
continue,kənˈtɪnjuː,продолжать,1,Common Phrases,Let's continue our discussion.
set,sɛt,устанавливать,1,Common Phrases,
later,ˈleɪtər,позже,1,Time,
community,kəˈmjuːnɪti,сообщество,1,Common Phrases,
name,neɪm,имя,1,Common Phrases,
five,faɪv,пять,1,Numbers,
once,wʌns,однажды,1,Common Phrases,
white,waɪt,белый,1,Colors,
least,liːst,наименее,1,Common Phrases,
president,ˈprɛzɪdənt,президент,1,People,
learn,lɜːrn,учить,1,Common Phrases,
real,ˈriːəl,реальный,1,Common Phrases,
change,ʧeɪnʤ,изменять,1,Common Phrases,
team,tiːm,команда,1,Common Phrases,
minute,ˈmɪnɪt,минута,1,Time,
best,bɛst,лучший,1,Common Phrases,
several,ˈsɛvrəl,несколько,1,Common Phrases,
idea,aɪˈdɪə,идея,1,Common Phrases,
kid,kɪd,ребёнок,1,People,
body,ˈbɒdi,тело,1,Body Parts,
information,ˌɪnfərˈmeɪʃən,информация,1,Common Phrases,
nothing,ˈnʌθɪŋ,ничего,1,Common Phrases,
ago,əˈɡoʊ,назад,1,Common Phrases,
lead,liːd,вести,1,Common Phrases,
social,ˈsoʊʃəl,социальный,1,Common Phrases,
understand,ˌʌndərˈstænd,понимать,1,Common Phrases,
whether,ˈwɛðər,ли,1,Common Phrases,
watch,wɑːʧ,смотреть,1,Common Phrases,
together,təˈɡɛðər,вместе,1,Common Phrases,
follow,ˈfɑːloʊ,следовать,1,Common Phrases,
parent,ˈpɛrənt,родитель,1,People,
stop,stɒp,остановить,1,Common Phrases,
face,feɪs,лицо,1,Body Parts,
anything,ˈɛniθɪŋ,что угодно,1,Common Phrases,
public,ˈpʌblɪk,публичный,1,Common Phrases,
already,ɔːlˈrɛdi,уже,1,Common Phrases,
speak,spiːk,говорить,1,Common Phrases,
others,ˈʌðərz,другие,1,Common Phrases,
level,ˈlɛvl,уровень,1,Common Phrases,
add,æd,добавлять,1,Common Phrases,
office,ˈɒfɪs,офис,1,Places,
spend,spɛnd,тратить,1,Common Phrases,
health,hɛlθ,здоровье,1,Common Phrases,
person,ˈpɜːrsən,человек,1,People,
art,ɑːrt,искусство,1,Common Phrases,
war,wɔːr,война,1,Common Phrases,
history,ˈhɪstəri,история,1,Common Phrases,
party,ˈpɑːrti,вечеринка/партия,1,Common Phrases,
result,rɪˈzʌlt,результат,1,Common Phrases,
sure,ʃʊr,уверенный,1,Common Phrases,
party,ˈpɑːrti,вечеринка,1,Common Phrases,
within,wɪˈðɪn,в пределах,1,Common Phrases,
grow,ɡroʊ,расти,1,Common Phrases,
open,ˈoʊpən,открывать,1,Common Phrases,
morning,ˈmɔːrnɪŋ,утро,1,Time,
walk,wɔːk,ходить,1,Common Phrases,
reason,ˈriːzn,причина,1,Common Phrases,
low,loʊ,низкий,1,Common Phrases,
win,wɪn,выигрывать,1,Common Phrases,
research,rɪˈsɜːrʧ,исследование,1,Common Phrases,
girl,ɡɜːrl,девочка,1,People,
guy,ɡaɪ,парень,1,People,
early,ˈɜːrli,ранний,1,Common Phrases,
food,fuːd,еда,1,Common Phrases,
moment,ˈmoʊmənt,момент,1,Common Phrases,
himself,hɪmˈsɛlf,сам,1,Common Phrases,
air,eər,воздух,1,Nature,
teacher,ˈtiːʧər,учитель,1,People,
force,fɔːrs,сила,1,Common Phrases,
enough,ɪˈnʌf,достаточно,1,Common Phrases,
education,ˌɛdʒuˈkeɪʃən,образование,1,Common Phrases,
across,əˈkrɒs,через,1,Common Phrases,
although,ɔːlˈðoʊ,хотя,1,Common Phrases,
remember,rɪˈmɛmbər,помнить,1,Common Phrases,
foot,fʊt,нога,1,Body Parts,
second,ˈsɛkənd,второй,1,Time,
boy,bɔɪ,мальчик,1,People,
maybe,ˈmeɪbi,возможно,1,Common Phrases,
toward,tɔːrd,по направлению к,1,Common Phrases,
able,ˈeɪbəl,способный,1,Common Phrases,
age,eɪʤ,возраст,1,Common Phrases,
policy,ˈpɒləsi,политика,1,Politics,
everything,ˈɛvrɪθɪŋ,всё,1,Common Phrases,
love,lʌv,любовь,1,Common Phrases,
process,ˈprɑːsɛs,процесс,1,Common Phrases,
music,ˈmjuːzɪk,музыка,1,Common Phrases,
including,ɪnˈkluːdɪŋ,включая,1,Common Phrases,
consider,kənˈsɪdər,рассматривать,1,Common Phrases,
appear,əˈpɪər,появляться,1,Common Phrases,
actually,ˈækʧuəli,фактически,1,Common Phrases,
buy,baɪ,покупать,1,Common Phrases,
probably,ˈprɒbəbli,вероятно,1,Common Phrases,
human,ˈhjuːmən,человек,1,People,
wait,weɪt,ждать,1,Common Phrases,
market,ˈmɑːrkɪt,рынок,1,Places,
die,daɪ,умирать,1,Common Phrases,
send,sɛnd,отправлять,1,Common Phrases,
expect,ɪkˈspɛkt,ожидать,1,Common Phrases,
sense,sɛns,чувство,1,Common Phrases,
build,bɪld,строить,1,Common Phrases,
stay,steɪ,оставаться,1,Common Phrases,
fall,fɔːl,падать,1,Common Phrases,
oh,oʊ,ох,1,Common Phrases,
nation,ˈneɪʃən,нация,1,Common Phrases,
plan,plæn,план,1,Common Phrases,
cut,kʌt,резать,1,Common Phrases,
college,ˈkɒlɪʤ,колледж,1,Places,
interest,ˈɪntrəst,интерес,1,Common Phrases,
death,dɛθ,смерть,1,Common Phrases,
course,kɔːrs,курс,1,Common Phrases,
someone,ˈsʌmwʌn,кто-то,1,Common Phrases,
experience,ɪksˈpɪəriəns,опыт,1,Common Phrases,
behind,bɪˈhaɪnd,позади,1,Common Phrases,
reach,riːʧ,достигать,1,Common Phrases,
local,ˈloʊkəl,местный,1,Common Phrases,
kill,kɪl,убивать,1,Common Phrases,
six,sɪks,шесть,1,Numbers,
remain,rɪˈmeɪn,оставаться,1,Common Phrases,
effect,ɪˈfɛkt,эффект,1,Common Phrases,